Miss Natasha Montoya DVM,1
Roman Lee,2
Diane Roberts,3
Darren Torres,4
Bobby Lee,1
Mrs. Donna Hubbard MD,2
Lauren Hernandez,3
Robert Kim,4
Donna Salinas,1
Miss Michelle Carter PhD,2
Annie Lopez,3
Clyde Bradshaw,4
Stephanie Bennett,1
Amber Summers,2
Greg Coffey,3
Hattie Green DVM,4
Leo Franklin,1
Ramona Barker,2
Janice Reed,3
Mr. Richard Russo Sr.,4
Kevin Stone,1
Michael Jackson,2
Leila Armstrong,3
Jacob Murphy Jr.,4
Jasmine Thomas PhD,1
Leo Flores,2
Aaron Torres,3
Lucas Thomas,4
Louise Turner,1
Douglas Houston,2
Gregory Sawyer,3
Amanda Richards,4
Dr. Lynn Singleton MD,1
Michael Hughes,2
Paul Blackwell,3
Xavier Smith,4
Walter Campbell I,1
Dr. Jerry Myers,2
Mrs. Elizabeth Baker,3
Joshua Chase,4
William Ford,1
Makenzie Garcia,2
Gladys Williams,3
Judy Sanchez,4
Fred Briggs,1
Mrs. Susan Williams DDS,2
Toni Oneill,3
Juan Hancock,4
Tamara Park,1
Justin Webster,2
Chasity Martinez,3
Charles Moses,4
Ms. Anna Thompson PhD,1
John Miller,2
Josiah Hernandez,3
Anthony Guzman,4
Dr. Donald Kennedy,1
Larry Holmes Jr.,2
Mr. Patrick Davis Jr.,3
Dr. Paul Reed,4
Denise Garcia,1
Aileen Rodriguez,2
Mr. Robert Gray,3
Jasper Farrell Sr.,4
Dr. Alicia Clarke DVM,1
Everett Smith,2
Daniel Parks,3
Mr. Jamal Hart IV,4
Saul Le,1
Carson Carr,2
William Oliver III,3
James Larson,4
Norma Williams,1
Lori Hughes,2
Linda Stephens,3
Phillip Wheeler,4
Miss Kathryn Smith,1
Mary Ferrell,2
Dr. Courtney Cooley,3
Rose Rodriguez,4
James Cook,1
Mrs. Alice Washington DDS,2
Mrs. Vicki Green,3
Carolyn Baker,4
Miss Tina Butler,1
Andrea Lynch,2
Corey Hernandez IV,3
Dr. John Anderson MD,4
Jeremy Smith,1
Carmela Bishop,2
Natalie Allen,3
Leilani Peters,4
Richard Brown II,1
Glenn Torres,2
Monique Page DDS,3
Lisa White,4
Jamie Wood,1
Miss Gloria Guzman PhD,2
Pauline Holt,3
Alexandria Cook,4
